"Pre-Prod No.,Date,Weeks Taken (or parts thereof),Age Category,Project Age (Open and Closed),Open or closed,Completion date,Client,Project Description,Category,Raw Code,Works Order,Product Code,Sales Rep,Repeat Job,Machine,Material,Artwork required,Artwork Received,Size of Eyemark,Date Sent on Proof,Proof,Proof Approved (Conventional),Proof Approved (Digital),Digital trial sent,Sent on Trial,Trial approved,Revised Artwork After Trialling,""Product Material Colour (tube, jar etc.)"",Diameter,Length,Cap_Lid Colour,Cap_Lid Diameter,Cap_Lid Material,Cap_Lid Style,Tube Shoulder colour,Orifice,Other Cap_Lid Info,Comments,Dust Controlled Area,Extrusion requested,Extrusion received,Injection trial requested,Injection trial received,Blowmould trial requested,Blowmould trial received,Masterbatch requested,Masterbatch received,Month,Month Name,New Mould_ Client or Product,Unit Order No,Order Qty x1000,Ordered Plates,Plates Arrived,Status,Year,comments,Unit Order No_dig,Qty_Including Waste,Artwork Order,Due for SAESA,Order,Digital Trial,Trial approved_dig,Revised Artwork After Trialling_dig,Foil,Cap_Lid Style_dig,Digital Trial No,T1_Date,Retrial T2,Retrial T3,Retrial T4,Retrial T5,Trial Comments"
8503,2011-07-01,-5817.857142857143,,5421,Open,,,,,,,,,,-,,,,,,,,,,,,,,,,,,,,,,,,,,,,,,,,,7.0,July,,,,,,No order,2011.0,,,,,,,,,,,,,,,,,,
21037,2026-02-27,,> 6 Months,66,Open,,Adcock Ingram,Dermopal Moisturising Sunscreen SPF30 100ml,Tube and Cap,,,C35TBADC334F,Karen,,DUBUIT,COEX,,,,,,,,,,,,Orange,35.0,145.0,Orange,33,PP,F/T B/O,Natural,10.0,,,,,,,,,,,,,,New,216434/1,98.0,,,Order (a/w),,,,,,,,,,,,,,,,,,,
21038,2026-02-27,,> 6 Months,66,Open,,Adcock Ingram,Dermopal Moisturising Sunscreen SPF50 100ml,Tube and Cap,,,C40TBADC179F,Karen,,DUBUIT,COEX,,,,,,,,,,,,Orange,40.0,120.0,Orange,38,PP,F/T B/O,Natural,10.0,0,,,,,,,,,,,,,New,216515/1,123.0,,,Order (a/w),,,,,,,,,,,,,,,,,,,
21039,2026-02-27,,> 6 Months,66,Open,,Peppina,Brunel Arthrosan Gel 100ml,Tube and Cap,,,C40TBPEI000F,Karen,,HK,COEX,,,,,,,,,,,,White,40.0,120.0,White,38,PP,F/T B/O,Natural,10.0,Fugi Sleeve,,,,,,,,,,,,,New,216732/2,5.0,,,Order (a/w),,,,,,,,,,,,,,,,,,,
21040,2026-03-02,,> 6 Months,63,Open,,SCENT PACK,Natures Nourishment Aloe Vera Extract Eye Cream 20ml,Digital Laminate,,,C25LTSCE006F,Rob,,DIGITAL ,PBL,,,,,,,,,,,,White,25.0,90.0,White,24,PP,A,White,4.0,FOIL SEAL,,,,,,,,,,,,,New,215920/0,5.0,,,Order (a/w),,,,,,,,,,,,,,,,,,,
21041,2026-03-02,,> 6 Months,63,Open,,SCENT PACK,Natures Nourishment Rooiboss Extract Eye Cream 20ml,Digital Laminate,,,C25LTSCE007F,Rob,,DIGITAL ,PBL,,,,,,,,,,,,White,25.0,90.0,White,24,PP,A,White,4.0,FOIL SEAL,,,,,,,,,,,,,New,215921/0,5.0,,,Order (a/w),,,,,,,,,,,,,,,,,,,
21042,2026-03-02,,> 6 Months,63,Open,,SCENT PACK,Natures Nourishment Tumeric+ Vitamin C Eye Cream 20ml,Digital Laminate,,,C25LTSCE005F,Rob,,DIGITAL ,PBL,,,,,,,,,,,,White,25.0,90.0,White,24,PP,A,White,4.0,FOIL SEAL,,,,,,,,,,,,,New,215919/0,5.0,,,Order (a/w),,,,,,,,,,,,,,,,,,,
21043,2026-03-02,,> 6 Months,63,Open,,SCENT PACK,Natures Nourishment Aloe Extract Night Cream 50ml,Digital Laminate,,,C35LTSCE018F,Rob,,DIGITAL ,PBL,,,,,,,,,,,,White,35.0,100.0,White,33,PP,F/T B/O,White,10.0,Fugi Sleeve,,,,,,,,,,,,,New,215951/0,5.0,,,Order (a/w),,,,,,,,,,,,,,,,,,,
21044,2026-03-02,,> 6 Months,63,Open,,SCENT PACK,Natures Nourishment Rooibos Extract Night Cream Cream 50ml,Digital Laminate,,,C35LTSCE019F,Rob,,DIGITAL ,PBL,,,,,,,,,,,,White,35.0,100.0,White,33,PP,F/T B/O,White,10.0,Fugi Sleeve,,,,,,,,,,,,,New,215952/0,5.0,,,Order (a/w),,,,,,,,,,,,,,,,,,,
21045,2026-03-02,,> 6 Months,63,Open,,SCENT PACK,Natures Nourishment Tumeric + Vitamin C Night Cream 50ml,Digital Laminate,,,C35LTSCE017F,Rob,,DIGITAL ,PBL,,,,,,,,,,,,White,35.0,100.0,White,33,PP,F/T B/O,White,10.0,Fugi Sleeve,,,,,,,,,,,,,New,215950/0,5.0,,,Order (a/w),,,,,,,,,,,,,,,,,,,
21046,2026-03-02,,> 6 Months,63,Open,,Adcock Ingram,Dermopal Blemish Cream 30ml,Tube and Cap,,,C25TBADC000F,Karen,,DUBUIT,COEX,,,,,,,,,,,,Yellow,25.0,100.0,Yellow,24,PP,A,Yellow,4.0,Foil Seal,,,,,,,,,,,,,New,216408/0,20.0,,,Order (a/w),,,,,,,,,,,,,,,,,,,
21047,2026-03-02,,> 6 Months,63,Open,,Unilever,Tube 50x190/10 Coex Gold - label,Tube and Cap,,,C50TBLEV043F,Wayne,,EXTRUSION,COEX,,,,,,,,,,,,Gold,50.0,190.0,Tnt Blue,48,PP,F/T B/O,Natural,10.0,,,,,,,,,,,,,,New,217478/2,4.0,,,Order (a/w),,,,,,,,,,,,,,,,,,,
21048,2026-03-02,,> 6 Months,63,Open,,Unilever,Tube 35x120/10 Coex Gold - label,Tube and Cap,,,C35TBLEV015F,Wayne,,EXTRUSION,COEX,,,,,,,,,,,,Gold,35.0,120.0,Tnt Blue,33,PP,F/T B/O,Natural,10.0,,,,,,,,,,,,,,New,217480/1,2.0,,,Order (a/w),,,,,,,,,,,,,,,,,,,
21049,2026-03-03,,> 6 Months,62,Open,,Great Legends,Hand Wash bottle 100ml - Amber PET,PET,,,,Peter,,,PET,,,,,,,,,,,,Amber,,,,,,,,,,,,,,,,,,,,,,New,,,,,No order,,,,,,,,,,,,,,,,,,,
21050,2026-03-03,,> 6 Months,62,Open,,CW Pharmaceuticals,Paw Paw Ointment 35g,Tube and Cap,,,,Senate,,DUBUIT,COEX,,,,,,,,,,,,Red,25.0,110.0,Red,24,PP,A,Red,4.0,,,,,,,,,,,,,,New,,,,,No order (a/w),,,,,,,,,,,,,,,,,,,
21051,2026-03-03,,> 6 Months,62,Open,,Canway,24/410 F/T  Cap - Pink,Cap,,,,Wayne,,INJECTION,,,,,,,,,,,,,,,,Pink,,PP,,,,,,,,,,,,,,,,,New,,,,,No order,,,,,,,,,,,,,,,,,,,
21052,2026-03-03,7.0,,62,Closed,2026-04-15,Canway,100ml Umbrella Cap T2842/1,Cap,,,CCAPOBRI269F,Wayne,,INJECTION,,,,,,,,,,,,,,,,Beige,,PP,,,,,,,,,,,,,,,,,New,216295/0,20.0,,,Order,,,,,,,,,,,,,,,,,,,
21053,2026-03-03,,> 6 Months,62,Open,,Canway,100ml Umbrella Cap - Bronze,Cap,,,,Wayne,,INJECTION,,,,,,,,,,,,,,,,Bronze,,PP,,,,,,,,,,,,,,,,,New,,,,,No order,,,,,,,,,,,,,,,,,,,
21054,2026-03-04,,> 6 Months,61,Open,,Amka Products,Honey Herbal Original Body Lotion 600ml,Bottle,,,,Karen,,K9,HDPE,,,,,,,,,,,,Natural,,,,,,,,,,,,,,,,,,,,,,New,,,,,No order,,,,,,,,,,,,,,,,,,,
21055,2026-03-04,,> 6 Months,61,Open,,Amka Products,Honey Herbal Cocoa Body Lotion 600ml,Bottle,,,,Karen,,K9,HDPE,,,,,,,,,,,,Natural,,,,,,,,,,,,,,,,,,,,,,New,,,,,No order,,,,,,,,,,,,,,,,,,,
21056,2026-03-04,,> 6 Months,61,Open,,Amka Products,Honey Herbal Aloe Vera Body Lotion 600ml,Bottle,,,,Karen,,K9,HDPE,,,,,,,,,,,,Natural,,,,,,,,,,,,,,,,,,,,,,New,,,,,No order,,,,,,,,,,,,,,,,,,,
21057,2026-03-06,6.0,,59,Closed,2026-04-14,Prime Products,Annique Rooiboss Resque Rooiboss Cream 50ml,Digital Laminate,,,C35LTPRI014F,Karen,,DIGITAL ,PBL,,,,,,,,,,,,White,35.0,90.0,Black,33,PP,F/T B/O,White,10.0,Fugi Sleeve,,,,,,,,,,,,,New,216134/0,5.1,,,Order (a/w),,,,,,,,,,,,,,,,,,,
21058,2026-03-09,,> 6 Months,56,Open,,Mosaic,Ginger Mary Hand & Nail 75ml  ( ITW 20888),Tube and Cap,,,C40TBMOS004F,Rob,,HK,COEX,,,,,,,,,,,,Cream7499c,40.0,105.0,Gold,38,PP,F/T B/O,Natural,10.0,Fugi Sleeve,,,,,,,,,,,,,New,216530/0,5.0,,,Order (a/w),,,,,,,,,,,,,,,,,,,
21059,2026-03-09,,> 6 Months,56,Open,,Bio-Kinetic,Bio-Kinetic Rejuvenate Treatment 150ml,Digital Laminate,,,,Karen,,DIGITAL ,PBL,,,,,,,,,,,,White,40.0,165.0,Turquoise  ,38,PP,F/T B/O,White,10.0,Fugi Sleeve,,,,,,,,,,,,,New,,,,,No order (a/w),,,,,,,,,,,,,,,,,,,
21060,2026-03-10,5.0,,55,Closed,2026-04-09,Kasselhoft Trading,Ruah Hand en Nael 75ml,Tube and Cap,,,C40TBKAS000F,Senate,,HK,COEX,,,,,,,,,,,,White,40.0,103.0,White,38,PP,F/T B/O,Natural,10.0,Fugi Sleeve,,,,,,,,,,,,,New,216239/0,5.0,,,Order (a/w),,,,,,,,,,,,,,,,,,,
21061,2026-03-11,,> 6 Months,54,Open,,Cape Kingdom,Equestrian Aid 100ml,Digital Laminate,,,C40LTBIO001F,Rob,,DIGITAL ,PBL,,,,,,,,,,,,White,40.0,120.0,White,38,PP,F/T B/O,White,10.0,Fugi Sleeve,,,,,,,,,,,,,New,216327/0,2.5,,,Order (a/w),,,,,,,,,,,,,,,,,,,
21062,2026-03-11,,> 6 Months,54,Open,,Swift Industrial,SCA Assembly Grease 100g -Labelled,Tube and Cap,,,,Senate,,LABEL,COEX,,,,,,,,,,,,White,40.0,170.0,White,40,PP,A,Natural,8.0,,,,,,,,,,,,,,New,,,,,No order (a/w),,,,,,,,,,,,,,,,,,,
21063,2026-03-11,,> 6 Months,54,Open,,Swift Industrial,SCA Joint Grease 100g - Labelled,Tube and Cap,,,,Senate,,LABEL,COEX,,,,,,,,,,,,White,40.0,170.0,White,40,PP,A,Natural,8.0,,,,,,,,,,,,,,New,,,,,No order (a/w),,,,,,,,,,,,,,,,,,,
21064,2026-03-11,,> 6 Months,54,Open,,Swift Industrial,SCA Silicone Gease100g - Labelled,Tube and Cap,,,,Senate,,LABEL,COEX,,,,,,,,,,,,White,40.0,170.0,White,40,PP,A,Natural,8.0,,,,,,,,,,,,,,New,,,,,No order (a/w),,,,,,,,,,,,,,,,,,,
21065,2026-03-11,,> 6 Months,54,Open,,Revlon SA,Revlon Flex Gel Extreme Control150ml (Run LDPE ),Tube and Cap,,,C50TBREV032F,Simon,,HK,LDPE,,,,,,,,,,,,White,50.0,130.0,Natural,48,PP,F/T B/O,Natural,10.0,,,,,,,,,,,,,,New,216330/0,0.04,,,Order (a/w),,,,,,,,,,,,,,,,,,,
21066,2026-03-11,,> 6 Months,54,Open,,SH'ZEN,Sh'zen Phyto Renewing Night Cream 35ml,Tube and Cap,,,C30TBSHZ053F,Wayne,,HK,COEX,,,,,,,,,,,,Prl White BMWHT010,30.0,95.0,Prl White BMWHT010,30,PP,Rose,Prl White,4.0,,,,,,,,,,,,,,New,216243/1,5.0,,,Order (a/w),,,,,,,,,,,,,,,,,,,
21067,2026-03-12,,> 6 Months,53,Open,,Xenia Pharmaceuticals,Sunscreen For Dogs and Cats SPF30 150ml,Digital Laminate,,,,Natalie,,DIGITAL ,PBL,,,,,,,,,,,,White,40.0,165.0,White,38,PP,F/T B/O,White,10.0,Fugi Sleeve,,,,,,,,,,,,,New,,,,,No order (a/w),,,,,,,,,,,,,,,,,,,
21068,2026-03-12,5.0,,53,Closed,2026-04-14,Shanker Brands,Divine Bodies Vitamin C +Tumeric Face and Body Cream 100ml,Digital Laminate,,,C40LTSHN009F,Wayne,,DIGITAL ,PBL,,,,,,,,,,,,White,40.0,120.0,Orange(BMORG053),38,PP,F/T B/O,White,10.0,Fugi Sleeve,,,,,,,,,,,,,New,216263/6,6.0,,,Order (a/w),,,,,,,,,,,,,,,,,,,
21069,2026-03-12,,> 6 Months,53,Open,,Xenia Pharmaceuticals,Sunscreen UVA & UVB Protection SPF30 150ml,Digital Laminate,,,,Natalie,,DIGITAL ,PBL,,,,,,,,,,,,White,40.0,165.0,White,38,PP,F/T B/O,White,10.0,Fugi Sleeve,,,,,,,,,,,,,New,,,,,No order (a/w),,,,,,,,,,,,,,,,,,,
21070,2026-03-13,5.0,,52,Closed,2026-04-13,Organic Manufacturing,Natural Nerve Comfort Cream 100ml,Digital Laminate,,,C40LTORG000F,Rob,,DIGITAL ,PBL,,,,,,,,,,,,White,40.0,120.0,White,38,PP,F/T B/O,White,10.0,Fugi Sleeve,,,,,,,,,,,,,New,216492/0,2.5,,,Order (a/w),,,,,,,,,,,,,,,,,,,
21071,2026-03-16,,> 6 Months,49,Open,,PD Pharma,Aloe-E-Mune 50g,Digital Laminate,,,C35LTZET026F,Wayne,,DIGITAL ,ABL White,,,,,,,,,,,,White,35.0,115.0,Green,35,PP,A,White,6.0,Foil Seal,,,,,,,,,,,,,Exist,216328/1,2.5,,,Order (a/w),,,,,,,,,,,,,,,,,,,
21072,2026-03-16,,> 6 Months,49,Open,,Revlon SA,Revlon Flex Gel Extreme Control150ml (Run  COEX),Tube and Cap,,,C50TBREV033F,Simon,,HK,COEX,,,,,,,,,,,,White,50.0,130.0,Natural,48,PP,F/T B/O,Natural,10.0,,,,,,,,,,,,,,New,216331/1,0.04,,,Order (a/w),,,,,,,,,,,,,,,,,,,
21073,2026-03-16,6.0,,49,Closed,2026-04-22,Idexis,Thrombo Eze Heparin Gel 25g,Digital Laminate,,,C25LTIDE005F,Karen,,DIGITAL ,ABL White,,,,,,,,,,,,White,25.0,100.0,Pink 2405c,24,PP,A,White,6.0,Foil Seal,,,,,,,,,,,,,New,216341/0,5.0,,,Order (a/w),,,,,,,,,,,,,,,,,,,
21074,2026-03-18,,> 6 Months,47,Open,,Chem Effects,20mm Smooth Screw cap,Cap,,,CCAPSSKY034F,Peter,,INJECTION,,,,,,,,,,,,,,,,Blue,,PP,,,,,,,,,,,,,,,,,New,216420/0,30.0,,,No order,,,,,,,,,,,,,,,,,,,
21075,2026-03-19,,> 6 Months,46,Open,,Mosaic,Nucelle Face Wash For Dry Skin 100ml,Tube and Cap,,,C40LTMOS010F,Rob,,DIGITAL ,PBL,,,,,,,,,,,,White,40.0,120.0,White,38,PP,F/T B/O,White,10.0,Fugi Sleeve,,,,,,,,,,,,,Exist,216471/4,20.4,,,Order (a/w),,,,,,,,,,,,,,,,,,,
21076,2026-03-19,1.0,,46,Closed,2026-03-23,Jumbo Brands,SRC Lemon Juice  28mm Green Bottle 500ml B0500/5,PET,,,J0500JUM000F,Mark Smith,,,PET,,,,,,,,,,,,Green558c,,,,,,,,,,,,,,,,,,,,,,New,216440/1,50.0,,,Order,,,,,,,,,,,,,,,,,,,
21077,2026-03-19,,> 6 Months,46,Open,,Creighton Prod.,Simply Floral Vanilla Body Scrub 250ml,Tube and Cap,,,C50TBCRE014F,Wayne,,HK,LDPE,,,,,,,,,,,,Beige,50.0,180.0,Beige,48,PP,F/T B/O,Natural,10.0,Fugi Sleeve,,,,,,,,,,,,,New,216462/0,5.0,,,Order (a/w),,,,,,,,,,,,,,,,,,,
21078,2026-03-19,,> 6 Months,46,Open,,Creighton Prod.,Simply Floral Vanilla Shower Gel 250ml,Tube and Cap,,,C50TBCRE015F,Wayne,,HK,LDPE,,,,,,,,,,,,Beige,50.0,180.0,Beige,48,PP,F/T B/O,Natural,10.0,Fugi Sleeve,,,,,,,,,,,,,New,216465/0,5.0,,,Order (a/w),,,,,,,,,,,,,,,,,,,
21079,2026-03-23,,< 6 Weeks,42,Open,,Amka Products,Natural Honey F/T Cap 400ml in White,Cap,,,,Peter,,INJECTION,,,,,,,,,,,,,,,,White,,PP,,,,,,,,,,,,,,,,,New,,,,,No order,,,,,,,,,,,,,,,,,,,
21080,2026-03-23,,< 6 Weeks,42,Open,,Amka Products,Natural Honey F/T Cap 400ml Black,Cap,,,,Peter,,INJECTION,,,,,,,,,,,,,,,,Black,,PP,,,,,,,,,,,,,,,,,New,,,,,No order,,,,,,,,,,,,,,,,,,,
21081,2026-03-23,,< 6 Weeks,42,Open,,Eurochem,Thick Bleach Bottle 750ml Yellow  (Braille),Bottle,,,,Natalie,,,HDPE,,,,,,,,,,,,BMYEL002,,,,,-,,,,,,,,,,,,,,,,,New,,,,,No order,,,,,,,,,,,,,,,,,,,
21082,2026-03-23,,< 6 Weeks,42,Open,,Eurochem,Thick Bleach Bottle 750ml Blue  (Braille),Bottle,,,,Natalie,,,HDPE,,,,,,,,,,,,Blue 292c,,,,,,,,,,,,,,,,,,,,,,New,,,,,No order,,,,,,,,,,,,,,,,,,,
21083,2026-03-23,,< 6 Weeks,42,Open,,Eurochem,Thick Bleach Bottle 750ml Purple  (Braille),Bottle,,,,Natalie,,,HDPE,,,,,,,,,,,,Purple 2645c,,,,,,,,,,,,,,,,,,,,,,New,,,,,No order,,,,,,,,,,,,,,,,,,,
21084,2026-03-24,,< 6 Weeks,41,Open,,Charisma Candles,Tube 35x120/4 Coex Cream  (Run Cap Trial),Tube and Cap,,,C35TBCHR001F,Rob,,INJECTION,COEX,,,,,,,,,,,,Cream BMCRM015,35.0,120.0,Cream BMCRM015,35,PP,A,Cream,4.0,Foil Seal,,,,,,,,,,,,,Exist,216557/2,10.0,,,No order,,,,,,,,,,,,,,,,,,,
21085,2026-03-24,,< 6 Weeks,41,Open,,Peppina,Medirite Arnica Gel Muscle & Joint Gel 50ml,Tube and Cap,,,C35TBPEI000F,Rob,,HK,COEX,,,,,,,,,,,,White,35.0,85.0,White,33,PP,F/T B/O,Natural,10.0,Fugi Sleeve,,,,,,,,,,,,,New,216512/0,5.0,,,Order (a/w),,,,,,,,,,,,,,,,,,,
21086,2026-03-25,,< 6 Weeks,40,Open,,Innovation Cosmetic Solutions,Clicks Amber Glow Hand & Body Lotion 50ml,Digital Laminate,,,,Senate,,DIGITAL ,PBL,,,,,,,,,,,,White,35.0,90.0,Black,33,PP,F/T B/O,White,10.0,,,,,,,,,,,,,,New,,,,,No order (a/w),,,,,,,,,,,,,,,,,,,
21087,2026-03-25,,< 6 Weeks,40,Open,,Innovation Cosmetic Solutions,Clicks Always Precious Hand & Body Lotion 50ml,Digital Laminate,,,,Senate,,DIGITAL ,PBL,,,,,,,,,,,,White,35.0,90.0,Black,33,PP,F/T B/O,White,10.0,,,,,,,,,,,,,,New,,,,,No order (a/w),,,,,,,,,,,,,,,,,,,
21088,2026-03-25,,< 6 Weeks,40,Open,,Innovation Cosmetic Solutions,Clicks Perfectly Pink Hand & Body Lotion 50ml,Digital Laminate,,,,Senate,,DIGITAL ,PBL,,,,,,,,,,,,White,35.0,90.0,Black,33,PP,F/T B/O,White,10.0,,,,,,,,,,,,,,New,,,,,No order (a/w),,,,,,,,,,,,,,,,,,,
21089,2026-03-25,,< 6 Weeks,40,Open,,Rooibaard Produkte,Rooibaard Sous 250ml PET Bottle Mould,Mould,,,,Natalie,,,,,,,,,,,,,,,,,,,,,,,,,,,,,,,,,,,,,New,,,,,No order,,,,,,,,,,,,,,,,,,,
21090,2026-03-25,,< 6 Weeks,40,Open,,Rooibaard Produkte,Rooibaard Sous 500ml PET Bottle Mould,Mould,,,,Natalie,,,,,,,,,,,,,,,,,,,,,,,,,,,,,,,,,,,,,New,,,,,No order,,,,,,,,,,,,,,,,,,,
21091,2026-03-25,,< 6 Weeks,40,Open,,Canway,Daisy Daycream 150ml,Tube and Cap,,,,Wayne,,EXTRUSION,LDPE,,,,,,,,,,,,Pink 706c,40.0,120.0,Pink 706c,38,PP,F/T B/O,Natural,10.0,,,,,,,,,,,,,,New,,,,,No order,,,,,,,,,,,,,,,,,,,
21092,2026-03-25,,< 6 Weeks,40,Open,,Canway,Body Butter Lid 250ml- Gold,Lid,,,,Wayne,,INJECTION,,,,,,,,,,,,,,,,Gold,,PP,,,,,,,,,,,,,,,,,New,,,,,No order,,,,,,,,,,,,,,,,,,,
21093,2026-03-25,,< 6 Weeks,40,Open,,Canway,Fushia 75ml ,Tube and Cap,,,,Wayne,,EXTRUSION,LDPE,,,,,,,,,,,,Pink,35.0,120.0,Pink  ,33,PP,F/T B/O,Natural,10.0,,,,,,,,,,,,,,New,,,,,No order,,,,,,,,,,,,,,,,,,,
21094,2026-03-25,,< 6 Weeks,40,Open,,Canway,Body Butter Lid 250ml- Purple,Lid,,,,Wayne,,INJECTION,,,,,,,,,,,,,,,,Purple,,PP,,,,,,,,,,,,,,,,,New,,,,,No order,,,,,,,,,,,,,,,,,,,
21095,2026-03-25,,< 6 Weeks,40,Open,,Canway,50ml J Jar Lilac,Jar,,,,Wayne,,INJECTION,PP,,,,,,,,,,,,Lilac,,,,,,,,,,,,,,,,,,,,,,New,,,,,No order,,,,,,,,,,,,,,,,,,,
21096,2026-03-25,,< 6 Weeks,40,Open,,Canway,50ml J lid Lilac,Lid,,,,Wayne,,INJECTION,,,,,,,,,,,,,,,,Lilac,,PP,,,,,,,,,,,,,,,,,New,,,,,No order,,,,,,,,,,,,,,,,,,,
21097,2026-03-25,,< 6 Weeks,40,Open,,Canway,Body Butter Jar 250ml -Purple,Jar,,,,Wayne,,INJECTION,PP,,,,,,,,,,,,Purple ,,,,,,,,,,,,,,,,,,,,,,New,,,,,No order,,,,,,,,,,,,,,,,,,,
21098,2026-03-25,,< 6 Weeks,40,Open,,Canway,Body Butter Jar 250ml -Gold,Jar,,,,Wayne,,,PP,,,,,,,,,,,,Gold,,,,,,,,,,,,,,,,,,,,,,New,,,,,No order,,,,,,,,,,,,,,,,,,,
21099,2026-03-25,,< 6 Weeks,40,Open,,Mosaic,Intrigue Hand and Nail Cream 75ml,Tube and Cap,,,C40TBMOS006F,Rob,,HK,COEX,,,,,,,,,,,,Maroon 7645,40.0,105.0,Gold,38,PP,F/T B/O,Natural,10.0,Fugi Sleeve,,,,,,,,,,,,,New,217430/0,5.0,,,Order (a/w),,,,,,,,,,,,,,,,,,,
21100,2026-03-25,,< 6 Weeks,40,Open,,Canway,33 F/T B/O Cap Gold,Cap,,,,Wayne,,,,,,,,,,,,,,,,,,Gold,,PP,,,,,,,,,,,,,,,,,New,,,,,No order,,,,,,,,,,,,,,,,,,,
21101,2026-03-25,,< 6 Weeks,40,Open,,Canway,33 F/T B/O Cap Lilac,Cap,,,,Wayne,,,,,,,,,,,,,,,,,,Lilac,,PP,,,,,,,,,,,,,,,,,New,,,,,No order,,,,,,,,,,,,,,,,,,,
21102,2026-03-25,,< 6 Weeks,40,Open,,Environ Skin Care,Environ RAD Active Antioxidant Sun Cream SPF 20 25ml,Digital Laminate,,,C25LTENV066F,Wayne,,HK,ABL White,,,,,,,,,,,,White,25.0,96.0,White,24,PP,A,White,2.0,Foil Seal,,,,,,,,,,,,,New,216549/0,7.2,,,Order (a/w),,,,,,,,,,,,,,,,,,,
21103,2026-03-25,,< 6 Weeks,40,Open,,Environ Skin Care,Environ Focus Care Clarity Sebu- Wash Gel Cleanser 200ml,Digital Laminate,,,C50TBENV065F,Wayne,,HK,COEX,,,,,,,,,,,,White,50.0,160.0,White,48,PP,F/T B/O,White,10.0,Fugi Sleeve,,,,,,,,,,,,,New,216550/0,18.0,,,Order (a/w),,,,,,,,,,,,,,,,,,,
21104,2026-03-25,,< 6 Weeks,40,Open,,Peppina,Prosana Hair Growth Shampoo 100ml,Tube and Cap,,,,Karen,,HK,LDPE,,,,,,,,,,,,White,40.0,120.0,Green BMGRN201,38,PP,F/T B/O,White,10.0,Fugi Sleeve,,,,,,,,,,,,,New,,,,,Order (a/w),,,,,,,,,,,,,,,,,,,
21105,2026-03-25,,< 6 Weeks,40,Open,,Peppina,Prosana Hair Growth Conditioner 100ml,Tube and Cap,,,,Karen,,HK,LDPE,,,,,,,,,,,,White,40.0,120.0,Green BMGRN201,38,PP,F/T B/O,White,10.0,Fugi Sleeve,,,,,,,,,,,,,New,,,,,No order (a/w),,,,,,,,,,,,,,,,,,,
21106,2026-03-26,3.0,,39,Closed,2026-04-15,Yenn Herbal Health,Yenn Magnesium Herbal Pain Relief Cream 60ml,Digital Laminate,,,C35LTAFP004F,Rob,,DIGITAL ,PBL,,,,,,,,,,,,White,35.0,110.0,White,33 with 2mm,PP,F/T B/O,White,10.0,Fugi Sleeve,,,,,,,,,,,,,New,216570/0,2.5,,,Order (a/w),,,,,,,,,,,,,,,,,,,
21107,2026-03-26,,< 6 Weeks,39,Open,,Afri CLC (Pty) Ltd,250PJ Lid Green,Lid,,,CLIDSAFI000F,Rob,,INJECTION,,,,,,,,,,,,,,,,Green,,PP,,,,,,,,,,,,,,,,,New,216633/0,20.0,,,Order,,,,,,,,,,,,,,,,,,,
21108,2026-03-26,,< 6 Weeks,39,Open,,Afri CLC (Pty) Ltd,250PJ Lid Pink,Lid,,,CLIDSAFI001F,Rob,,INJECTION,,,,,,,,,,,,,,,,Pink,,PP,,,,,,,,,,,,,,,,,New,216636/0,20.0,,,Order,,,,,,,,,,,,,,,,,,,
21109,2026-03-26,,< 6 Weeks,39,Open,,Afri CLC (Pty) Ltd,250PJ Lid Red,Lid,,,CLIDSAFI002F,Rob,,INJECTION,,,,,,,,,,,,,,,,Red,,PP,,,,,,,,,,,,,,,,,New,216637/0,20.0,,,Order,,,,,,,,,,,,,,,,,,,
21110,2026-03-26,3.0,,39,Closed,2026-04-10,Afri CLC (Pty) Ltd,250PJ Lid Orange,Lid,,,CLIDSAFI003F,Rob,,INJECTION,,,,,,,,,,,,,,,,Orange,,PP,,,,,,,,,,,,,,,,,New,216631/0,20.0,,,Order,,,,,,,,,,,,,,,,,,,
21111,2026-03-27,,< 6 Weeks,38,Open,,Activ 02,Brighten Radiance & Even Tone Face Cream 75ml,Digital Laminate,,,,Rob,,DIGITAL ,PBL,,,,,,,,,,,,White,35.0,120.0,White,33,PP,F/T B/O,White,10.0,Fugi Sleeve,,,,,,,,,,,,,New,,,,,No order (a/w),,,,,,,,,,,,,,,,,,,
21112,2026-03-27,,< 6 Weeks,38,Open,,Environ Skin Care,Toner White 200ml  29g,PET,,,C0200STD126F,Wayne,,,PET,,,,,,,,,,,,White,,,,,,,,,,,,,,,,,,,,,,New,216577/0,10.0,,,Order,,,,,,,,,,,,,,,,,,,
21113,2026-03-27,,< 6 Weeks,38,Open,,Olgani,Junior Toothpaste 75ml,Digital Laminate,,,C35LTOLG034F,Rob,,DIGITAL ,ABL White,,,,,,,,,,,,White,35.0,140.0,White,33,PP,F/T B/O,White,10.0,Fugi Sleeve,,,,,,,,,,,,,New,216629/4,2.5,,,Order (a/w),,,,,,,,,,,,,,,,,,,
21114,2026-03-27,,< 6 Weeks,38,Open,,Mosaic,Mousson Cap - Blue,Cap,,,,Rob,,INJECTION,,,,,,,,,,,,,,,,Blue 661c,,PP,,,,,,,,,,,,,,,,,New,,,,,No order,,,,,,,,,,,,,,,,,,,
21115,2026-03-30,,< 6 Weeks,35,Open,,Amka Products,Big Ball R/O Cap Domed Transparent Black ( for new Status),Cap,,,,Hector,,INJECTION,,,,,,,,,,,,,,,,Tnt Black,,PP,,,,,,,,,,,,,,,,,Exist,,,,,No order,,,,,,,,,,,,,,,,,,,
21116,2026-03-30,,< 6 Weeks,35,Open,,Global Grinders,Grinder Inner Gear 38A,Other,,,,Rob,,,,,,,,,,,,,,,,,,,,,,,,,,,,,,,,,,,,,Exist,,,,,No order,,,,,,,,,,,,,,,,,,,
21117,2026-03-30,,< 6 Weeks,35,Open,,Zalu,Zalu Daily Defence SPF30+ Moisturising Sun Screen 50ml,Tube and Cap,,,C40TBZAL000F,Senate,,DUBUIT,COEX,,,,,,,,,,,,Brown 4725c,40.0,95.0,Black,38,PP,F/T B/O,Natural,10.0,,,,,,,,,,,,,,New,216857/0,5.0,,,Order (a/w),,,,,,,,,,,,,,,,,,,
21118,2026-03-31,,< 6 Weeks,34,Open,,Revlon SA,Revlon Flex Strong Control 150ml,Tube and Cap,,,,Senate,,HK,COEX,,,,,,,,,,,,White,50.0,130.0,Natural,48,PP,F/T B/O,Natural,10.0,,,,,,,,,,,,,,New,,,,,No order (a/w),,,,,,,,,,,,,,,,,,,
21119,2026-03-31,,< 6 Weeks,34,Open,,Revlon SA,Revlon Flex Firm Control 150ml,Tube and Cap,,,,Senate,,HK,COEX,,,,,,,,,,,,White,50.0,130.0,Natural,48,PP,F/T B/O,Natural,10.0,,,,,,,,,,,,,,New,,,,,No order (a/w),,,,,,,,,,,,,,,,,,,
21120,2026-03-31,,< 6 Weeks,34,Open,,Revlon SA,Revlon Flex Gentle Control 150ml,Tube and Cap,,,,Senate,,HK,COEX,,,,,,,,,,,,White,50.0,130.0,Natural,48,PP,F/T B/O,Natural,10.0,,,,,,,,,,,,,,New,,,,,No order (a/w),,,,,,,,,,,,,,,,,,,
21121,2026-04-01,,< 6 Weeks,33,Open,,Lycoderm,Peridot SPF50 Sunscreen 100ml,Digital Laminate,,,C40LTPER000F,Rob,,DIGITAL ,PBL,,,,,,,,,,,,White,40.0,120.0,White,38,PP,F/T B/O,White,10.0,Fugi Sleeve,,,,,,,,,,,,,New,216819/0,2.5,,,No order (a/w),,,,,,,,,,,,,,,,,,,
21122,2026-04-01,,< 6 Weeks,33,Open,,Creighton Prod.,Clicks Sun Protects Kids SPF50 200ml,Tube and Cap,,,C50TBCRE016F,Wayne,,DUBUIT,COEX,,,,,,,,,,,,White,50.0,150.0,Prl Orange,48,PP,F/T B/O,Natural,10.0,,,,,,,,,,,,,,New,216717/3,5.0,,,Order (a/w),,,,,,,,,,,,,,,,,,,
21123,2026-04-01,,< 6 Weeks,33,Open,,Creighton Prod.,Clicks Sun Protects Anti- Aging SPF50 Hand and Body lotion 250ml,Tube and Cap,,,C50TBCRE017F,Wayne,,DUBUIT,COEX,,,,,,,,,,,,Bronze,50.0,180.0,Bronze,48,PP,F/T B/O,Natural,10.0,,,,,,,,,,,,,,New,216720/0,5.0,,,Order (a/w),,,,,,,,,,,,,,,,,,,
21124,2026-04-01,,< 6 Weeks,33,Open,,Coslabs,Sorbet  BB Cream 50ml,Tube and Cap,,,C35TBCOS000F,Rob,,DUBUIT,COEX,,,,,,,,,,,,Pink 693c,35.0,85.0,Pink 693c,33,PP,F/T B/O,Natural,10.0,Fugi Sleeve,,,,,,,,,,,,,New,217160/0,20.0,,,Order (a/w),,,,,,,,,,,,,,,,,,,
21125,2026-04-07,,< 6 Weeks,27,Open,,Global Grinders,GA 38 5 Part grinder Assembly,Other,,,CGRINGGR024F,Rob,,,,,,,,,,,,,,,,,,,,,,,,,,,,,,,,,,,,,Exist,216786/1,100.0,,,Order,,,,,,,,,,,,,,,,,,,
21126,2026-04-08,,< 6 Weeks,26,Open,,Re Creation Health,Zyna Me T 50g,Digital Laminate,,,C35LTREC005F,Rob,,DIGITAL ,PBL,,,,,,,,,,,,White,35.0,110.0,White,33,PP,F/T B/O,White,10.0,Fugi Sleeve,,,,,,,,,,,,,New,217530/0,2.5,,,Order (a/w),,,,,,,,,,,,,,,,,,,
21127,2026-04-08,,< 6 Weeks,26,Open,,Comed Health,Calendula Plus 50g,Tube and Cap,,,C30TBCOH000F,Rob,,HK,COEX,,,,,,,,,,,,White,30.0,115.0,White,30,PP,A,White,4.0,Foil Seal,,,,,,,,,,,,,New,217306/3,5.0,,,Order (a/w),,,,,,,,,,,,,,,,,,,
21128,2026-04-08,,< 6 Weeks,26,Open,,Comed Health,All Heal Plus 50g,Tube and Cap,,,C30TBCOH001F,Rob,,HK,COEX,,,,,,,,,,,,White,30.0,115.0,White,30,PP,A,White,4.0,Foil Seal,,,,,,,,,,,,,New,217331/0,5.0,,,Order (a/w),,,,,,,,,,,,,,,,,,,
21129,2026-04-10,,< 6 Weeks,24,Open,,Amka Products,EAD Body Wash 400ml ( Old Revlon Honey) (ITB21118),Bottle,,,,Peter,,BLOWMOULD,PP,,,,,,,,,,,,Natural,,,,,,,,,,,,,,,,,,,,,,New,,,,,No order,,,,,,,,,,,,,,,,,,,
21130,2026-04-13,,< 6 Weeks,21,Open,,Better Being,Jigsemur Toothpaist 100ml,Digital Laminate,,,,Rob,,DIGITAL ,PBL,,,,,,,,,,,,White,40.0,120.0,White,15/38,PP,A,White,4.0,Foil Seal,,,,,,,,,,,,,New,,,,,No order (a/w),,,,,,,,,,,,,,,,,,,
21131,2026-04-13,1.0,,21,Closed,2026-04-18,Chemeffects (Pty)LTD,Push Pull Assembly White on White Usave - PAC161,Other,,,CCAPSSTD224F,Peter,,,,,,,,,,,,,,,,,,,,,,,,,,,,,,,,,,,,,New,216960/0,33.0,,,Order,,,,,,,,,,,,,,,,,,,
21132,2026-04-14,,< 6 Weeks,20,Open,,Amka Products,Revlon Natural Honey F/T Cap - Orange,Cap,,,,Peter,,INJECTION,,,,,,,,,,,,,,,,Orange,,PP,,,,,,,,,,,,,,,,,New,,,,,No order,,,,,,,,,,,,,,,,,,,
21133,2026-04-14,,< 6 Weeks,20,Open,,Amka Products,Revlon Natural Honey F/T Cap - Black,Cap,,,,Peter,,INJECTION,,,,,,,,,,,,,,,,Black,,PP,,,,,,,,,,,,,,,,,New,,,,,No order,,,,,,,,,,,,,,,,,,,
21134,2026-04-14,,< 6 Weeks,20,Open,,Canway,OSH Foot Scrub Sole Therapy 100ml Label  (312904),Label,,,C50TBCAN000F,Wayne,,LABEL,LDPE,,,,,,,,,,,,Lt Blue C-B-1255,50.0,120.0,Lt Blue C-B-1997,48,PP,F/T B/O,Natural,10.0,,,,,,,,,,,,,,New,217074/0,6.0,,,Order (a/w),,,,,,,,,,,,,,,,,,,
21135,2026-04-14,,< 6 Weeks,20,Open,,Canway,SRC HC Orchid 75ml Label   (312912),Label,,,C35TBCAN005F,Wayne,,LABEL,LDPE,,,,,,,,,,,,Prl Cream Y-10669,35.0,125.0,Prl Cream Y10669,33,PP,F/T B/O,Natural,10.0,,,,,,,,,,,,,,New,217045/1,6.0,,,Order (a/w),,,,,,,,,,,,,,,,,,,
21136,2026-04-14,,< 6 Weeks,20,Open,,Canway,CPL Face Mask Rooibos Label   (312921),Label,,,C50TBCAN002F,Wayne,,LABEL,LDPE,,,,,,,,,,,,Prl White PW1020,50.0,120.0,Orange C-G-11337/c,48,PP,F/T B/O,Natural,10.0,,,,,,,,,,,,,,New,217076/0,6.0,,,Order (a/w),,,,,,,,,,,,,,,,,,,
21137,2026-04-14,,< 6 Weeks,20,Open,,Canway,OSH HC Positively Pink 75ml  Label  (312824),Label,,,C35TBCAN001F,Wayne,,LABEL,LDPE,,,,,,,,,,,,Prl Pink (Target Sample),35.0,120.0,Prl Pink (target Sample),33,PP,F/T B/O,Natural,10.0,,,,,,,,,,,,,,New,217035/0,6.0,,,Order (a/w),,,,,,,,,,,,,,,,,,,
21138,2026-04-14,,< 6 Weeks,20,Open,,Canway,OSH FW Superfood Gran & Mint 150ml  Label(312931),Label,,,C50TBCAN003F,Wayne,,LABEL,LDPE,,,,,,,,,,,,Natural,50.0,120.0,Silver C-N-1152,48,PP,F/T B/O,Natural,10.0,,,,,,,,,,,,,,New,217083/0,6.0,,,Order (a/w),,,,,,,,,,,,,,,,,,,
21139,2026-04-14,,< 6 Weeks,20,Open,,Canway,OSH HC Ray of Sunshine 75ml  Label  (312932),Label,,,C35TBCAN004F,Wayne,,LABEL,LDPE,,,,,,,,,,,,Prl White (PW1020),35.0,120.0,Natural,33,PP,F/T B/O,Natural,10.0,,,,,,,,,,,,,,New,217036/0,6.0,,,Order (a/w),,,,,,,,,,,,,,,,,,,
21140,2026-04-14,,< 6 Weeks,20,Open,,Canway,OSH FW Superfood Turm + Vitamin C 150ml  Label  (312943),Label,,,C50TBCAN005F,Wayne,,LABEL,LDPE,,,,,,,,,,,,Natural,50.0,125.0,Silver C-N-1152,48,PP,F/T B/O,Natural,10.0,,,,,,,,,,,,,,New,217087/0,6.0,,,Order (a/w),,,,,,,,,,,,,,,,,,,
21141,2026-04-14,,< 6 Weeks,20,Open,,Canway,OSH HC CO Honey 75ml Label  (312821),Label,,,C35TBCAN000F,Wayne,,LABEL,LDPE,,,,,,,,,,,,Gold ( Target Sample),35.0,120.0,Gold ( Target Sample),33,PP,F/T B/O,Natural,10.0,,,,,,,,,,,,,,New,217014/3,8.0,,,Order (a/w),,,,,,,,,,,,,,,,,,,
21142,2026-04-14,,< 6 Weeks,20,Open,,Canway,CPL DC Tee Tree 50ml Label  (312922),Label,,,C40TBCAN000F,Wayne,,LABEL,LDPE,,,,,,,,,,,,Prl White PW1020,40.0,100.0,Green C-D-13032/c,38,PP,F/T B/O,Natural,10.0,,,,,,,,,,,,,,New,217048/0,8.0,,,Order (a/w),,,,,,,,,,,,,,,,,,,
21143,2026-04-14,,< 6 Weeks,20,Open,,Canway,CPL Face Mask Aloe 150ml Label  (312929),Label,,,C50TBCAN004F,Wayne,,LABEL,LDPE,,,,,,,,,,,,Prl White PW1020,50.0,125.0,Green C-D-13034/c,48,PP,F/T B/O,Natural,10.0,,,,,,,,,,,,,,New,217084/0,10.0,,,Order (a/w),,,,,,,,,,,,,,,,,,,
21144,2026-04-14,,< 6 Weeks,20,Open,,Canway,OSH BL Glam Goddess 200m Label (312544),Label,,,C50TBCAN001F,Wayne,,LABEL,LDPE,,,,,,,,,,,,Gold PC-B-12268/C,50.0,151.0,Gold PC-B-12268/C,48,PP,F/T B/O,Natural,10.0,,,,,,,,,,,,,,New,217090/0,10.0,,,Order (a/w),,,,,,,,,,,,,,,,,,,
21145,2026-04-14,,< 6 Weeks,20,Open,,Canway,OSH HC Sweet Solutions 75ml  Label (312893),Label,,,C35TBCAN002F,Wayne,,LABEL,LDPE,,,,,,,,,,,,Gold (Target Sample),35.0,120.0,Gold (Target Sample),33,PP,F/T B/O,Natural,10.0,,,,,,,,,,,,,,New,217037/0,10.0,,,Order (a/w),,,,,,,,,,,,,,,,,,,
21146,2026-04-14,,< 6 Weeks,20,Open,,Canway,CPL FW Aloe 150ml   Label(312907),Label,,,C50TBCAN001F,Wayne,,LABEL,LDPE,,,,,,,,,,,,Drk Blue Target Sample,50.0,120.0,Drk Blue Target Sample,48,PP,F/T B/O,Natural,10.0,,,,,,,,,,,,,,New,217079/0,10.0,,,Order (a/w),,,,,,,,,,,,,,,,,,,
21147,2026-04-14,,< 6 Weeks,20,Open,,Canway,CPL DC Aloe 50ml (312906),Label,,,C40TBCAN001F,Wayne,,LABEL,LDPE,,,,,,,,,,,,Drk Blue PC-B-12268/c,40.0,105.0,Drk Blue PC-B-12268/c,38,PP,F/T B/O,Natural,10.0,,,,,,,,,,,,,,New,217047/0,15.0,,,Order (a/w),,,,,,,,,,,,,,,,,,,
21148,2026-04-14,,< 6 Weeks,20,Open,,Canway,CPL HC Vitamin E 75ml   Label (3122899),Label,,,C35TBCAN003F,Wayne,,LABEL,LDPE,,,,,,,,,,,,Cream C-M-1507),35.0,120.0,Cream C-M-1507,33,PP,F/T B/O,Natural,10.0,,,,,,,,,,,,,,New,217034/1,15.0,,,Order (a/w),,,,,,,,,,,,,,,,,,,
21149,2026-04-14,,< 6 Weeks,20,Open,,Canway,SRC HC Rasberry 75ml  Label  (312914),Label,,,C35TBCAN006F,Wayne,,LABEL,LDPE,,,,,,,,,,,,Cream Y-10669,35.0,125.0,Cream Y-10669,33,PP,F/T B/O,Natural,10.0,,,,,,,,,,,,,,New,217046/1,15.0,,,Order (a/w),,,,,,,,,,,,,,,,,,,
21150,2026-04-14,,< 6 Weeks,20,Open,,Canway,CPL FW Charcoal & Lemongrass 3 in 1 100ml   Label (312915),Label,,,C40TBCAN002F,Wayne,,LABEL,LDPE,,,,,,,,,,,,Black,40.0,135.0,Black,38,PP,F/T B/O,Natural,10.0,,,,,,,,,,,,,,New,217057/0,15.0,,,Order (a/w),,,,,,,,,,,,,,,,,,,
21151,2026-04-14,,< 6 Weeks,20,Open,,Canway,CPL Serum White Tea 50ml   Label (312924),Label,,,C30TBCAN000F,Wayne,,LABEL,LDPE,,,,,,,,,,,,Prl White PW1020,30.0,110.0,Gold PC-Q-1050,30,PP,A,Natural,4.0,,,,,,,,,,,,,,New,217015/2,15.0,,,Order (a/w),,,,,,,,,,,,,,,,,,,
21152,2026-04-14,,< 6 Weeks,20,Open,,Canway,DS Foot Cream CH Repair 125ml   Label (312941),Label,,,C50TBCAN007F,Wayne,,LABEL,LDPE,,,,,,,,,,,,White,50.0,120.0,Blue C-B-1249,48,PP,F/T B/O,Natural,10.0,,,,,,,,,,,,,,New,217150/0,15.0,,,Order (a/w),,,,,,,,,,,,,,,,,,,
21153,2026-04-14,,< 6 Weeks,20,Open,,Canway,OSH Glam Goddess 75ml   Label (312543),Label,,,C35TBCAN010F,Wayne,,LABEL,LDPE,,,,,,,,,,,,Gold Y-9413,35.0,120.0,Gold Y-9413,33,PP,F/T B/O,Natural,10.0,,,,,,,,,,,,,,New,217137/1,16.0,,,Order (a/w),,,,,,,,,,,,,,,,,,,
21154,2026-04-14,,< 6 Weeks,20,Open,,Canway,OSH HC Soft Touch 75ml   Label (312894),Label,,,C35TBCAN012F,Wayne,,LABEL,LDPE,,,,,,,,,,,,Pink PC-K-1711,35.0,125.0,Pink PC-K-1711,33,PP,F/T B/O,Natural,10.0,,,,,,,,,,,,,,New,217142/0,16.0,,,Order (a/w),,,,,,,,,,,,,,,,,,,
21155,2026-04-14,,< 6 Weeks,20,Open,,Canway,DS Foot Cream 24hr 100ml   Label (312986),Label,,,C40TBCAN004F,Wayne,,LABEL,LDPE,,,,,,,,,,,,White,40.0,120.0,Blue C-M-1525/C,38,PP,F/T B/O,Natural,10.0,,,,,,,,,,,,,,New,217148/0,16.0,,,Order (a/w),,,,,,,,,,,,,,,,,,,
21156,2026-04-14,,< 6 Weeks,20,Open,,Canway,OSH HC One In Melon 75ml   Label (312911),Label,,,C35TBCAN007F,Wayne,,LABEL,LDPE,,,,,,,,,,,,Prl White PW1020,35.0,120.0,Natural,33,PP,F/T B/O,Natural,10.0,,,,,,,,,,,,,,New,217132/0,18.0,,,Order (a/w),,,,,,,,,,,,,,,,,,,
21157,2026-04-14,,< 6 Weeks,20,Open,,Canway,OSH HC Lavender 100ml    Label (312892),Label,,,C35TBCAN013F,Wayne,,LABEL,LDPE,,,,,,,,,,,,Lilac C-J-1080,35.0,125.0,Lilac Y-8016,33,PP,F/T B/O,Natural,10.0,,,,,,,,,,,,,,New,217139/0,20.0,,,Order (a/w),,,,,,,,,,,,,,,,,,,
21158,2026-04-14,,< 6 Weeks,20,Open,,Canway,OSH HC Q10 75ml    Label (312909),Label,,,C35TBCAN014F,Wayne,,LABEL,LDPE,,,,,,,,,,,,Prl White PW1020,35.0,125.0,Gold PC-Q-1050,33,PP,F/T B/O,Natural,10.0,,,,,,,,,,,,,,New,217141/0,20.0,,,Order (a/w),,,,,,,,,,,,,,,,,,,
21159,2026-04-14,,< 6 Weeks,20,Open,,Canway,CPL FW Charcoal & Kaolin 2 in 1 150ml   Label (312918),Label,,,C50TBCAN010F,Wayne,,LABEL,LDPE,,,,,,,,,,,,Natual,50.0,125.0,Black,48,PP,F/T B/O,Natural,10.0,,,,,,,,,,,,,,New,217156/4,24.0,,,Order (a/w),,,,,,,,,,,,,,,,,,,
21160,2026-04-14,,< 6 Weeks,20,Open,,Canway,CPL FW Rooibos 3 in 1 150ml   Label (312923),Label,,,C50TBCAN008F,Wayne,,LABEL,LDPE,,,,,,,,,,,,Natural,50.0,120.0,Orange c-G-11337/C,48,PP,F/T B/O,Natural,10.0,,,,,,,,,,,,,,New,217152/0,30.0,,,Order (a/w),,,,,,,,,,,,,,,,,,,
21161,2026-04-14,,< 6 Weeks,20,Open,,Canway,OSH HC Bye Bye Stress 75ml   Label (312895),Label,,,C35TBCAN015F,Wayne,,LABEL,LDPE,,,,,,,,,,,,Lt Pink 23966/F,35.0,125.0,Lt Pink C-J-1123,33,PP,F/T B/O,Natural,10.0,,,,,,,,,,,,,,New,217143/0,24.0,,,Order (a/w),,,,,,,,,,,,,,,,,,,
21162,2026-04-14,,< 6 Weeks,20,Open,,Canway,CPL FW Even Tone 150ml   Label (312925),Label,,,C50TBCAN011F,Wayne,,LABEL,LDPE,,,,,,,,,,,,Prl White (Target Sample),50.0,125.0,Yellow C-H-12451/C&T,48,PP,F/T B/O,Natural,10.0,,,,,,,,,,,,,,New,217154/0,30.0,,,Order (a/w),,,,,,,,,,,,,,,,,,,
21163,2026-04-14,,< 6 Weeks,20,Open,,Canway,OSH HC CO POM 75ml   Label (312820),Label,,,C35TBCAN016F,Wayne,,LABEL,LDPE,,,,,,,,,,,,Prl Pink (Target Sample),35.0,125.0,Prl Pink (target Sample),33,PP,F/T B/O,Natural,10.0,,,,,,,,,,,,,,New,217145/0,30.0,,,Order (a/w),,,,,,,,,,,,,,,,,,,
21164,2026-04-14,,< 6 Weeks,20,Open,,Canway,CPL Face Mask Even Tone 150ml  Label  (312917),Label,,,C50TBCAN009F,Wayne,,LABEL,LDPE,,,,,,,,,,,,NAtural,50.0,125.0,Yellow C-H-12451/C&T,48,PP,F/T B/O,Natural,10.0,,,,,,,,,,,,,,New,217153/1,36.0,,,Order (a/w),,,,,,,,,,,,,,,,,,,
21165,2026-04-14,,< 6 Weeks,20,Open,,Canway,OSH HC Berry 75ml   Label (312908),Label,,,C35TBCAN009F,Wayne,,LABEL,LDPE,,,,,,,,,,,,Lilac 23966/F,35.0,120.0,Lilac C-J-1123,33,PP,F/T B/O,Natural,10.0,,,,,,,,,,,,,,New,217127/0,36.0,,,Order (a/w),,,,,,,,,,,,,,,,,,,
21166,2026-04-14,,< 6 Weeks,20,Open,,Canway,CPL DC Charcoal & Lemongrass 50ml   Label (312935),Label,,,C40TBCAN003F,Wayne,,LABEL,LDPE,,,,,,,,,,,,Black,40.0,105.0,Black,38,PP,F/T B/O,Natural,10.0,,,,,,,,,,,,,,New,217146/2,5.0,,,Order (a/w),,,,,,,,,,,,,,,,,,,
21167,2026-04-14,,< 6 Weeks,20,Open,,Canway,OSH Set the Tone 150ml   Label (312940),Label,,,C50TBCAN012F,Wayne,,LABEL,LDPE,,,,,,,,,,,,Gold PC-K-1784/T,50.0,125.0,Gold  PC-K-1768/C,48,PP,F/T B/O,Natural,10.0,,,,,,,,,,,,,,New,217151/0,5.0,,,Order (a/w),,,,,,,,,,,,,,,,,,,
21168,2026-04-14,,< 6 Weeks,20,Open,,Canway,CPL HC Marula Oil & Vitamin C 75ml  Label  (312985),Label,,,C35TBCAN008F,Wayne,,LABEL,LDPE,,,,,,,,,,,,White,35.0,120.0,Yellow C-H-12596/C,33,PP,F/T B/O,Natural,10.0,,,,,,,,,,,,,,New,217128/0,5.0,,,Order (a/w),,,,,,,,,,,,,,,,,,,
21169,2026-04-14,,< 6 Weeks,20,Open,,Canway,OSH HC Ext moisture 75ml   Label (312896),Label,,,C35TBCAN011F,Wayne,,LABEL,LDPE,,,,,,,,,,,,Cream Y-10669,35.0,125.0,Cream Y-10669,33,PP,F/T B/O,Natural,10.0,,,,,,,,,,,,,,New,217140/0,24.0,,,Order (a/w),,,,,,,,,,,,,,,,,,,
21170,2026-04-21,,< 6 Weeks,13,Open,,Lee-Chem,Blue Steel Anti- Chafe Cream 100ml,Tube and Cap,,,C40TBLEE321F,Wayne,,HK,COEX,,,,,,,,,,,,White,40.0,120.0,Blue,38,PP,F/T B/O,Natural,10.0,,,,,,,,,,,,,,New,217320/0,10.0,,,Order (a/w),,,,,,,,,,,,,,,,,,,
21171,2026-04-21,,< 6 Weeks,13,Open,,Lee-Chem,Clicks Face Wash Even Tone 100ml,Tube and Cap,,,C50TBLEE005F,Wayne,,DUBUIT,COEX,,,,,,,,,,,,Blue,50.0,115.0,Silver,48,PP,F/T B/O,Natural,10.0,,,,,,,,,,,,,,New,217333/0,5.0,,,Order (a/w),,,,,,,,,,,,,,,,,,,
21172,2026-04-21,,< 6 Weeks,13,Open,,Lee-Chem,Clicks In- Shower Hair Removal Cream 150ml,Tube and Cap,,,C50TBLEE003F,Wayne,,HK,COEX,,,,,,,,,,,,White,50.0,140.0,Green,48,PP,F/T B/O,Natural,10.0,,,,,,,,,,,,,,New,217329/0,5.0,,,Order (a/w),,,,,,,,,,,,,,,,,,,
21173,2026-04-21,,< 6 Weeks,13,Open,,Lee-Chem,Clicks Matte Skin Moisturising Oil Control 50ml,Tube and Cap,,,C40TBLEE322F,Wayne,,DUBUIT,COEX,,,,,,,,,,,,Blue,40.0,100.0,Silver,38,PP,F/T B/O,Natural,10.0,,,,,,,,,,,,,,New,217321/0,5.0,,,Order (a/w),,,,,,,,,,,,,,,,,,,
21174,2026-04-21,,< 6 Weeks,13,Open,,Lee-Chem,Clicks Moisturiser Even Tone 50ml,Tube and Cap,,,C40TBLEE323F,Wayne,,DUBUIT,COEX,,,,,,,,,,,,Blue,40.0,100.0,Silver,38,PP,F/T B/O,Natural,10.0,,,,,,,,,,,,,,New,217322/0,5.0,,,Order (a/w),,,,,,,,,,,,,,,,,,,
21175,2026-04-21,,< 6 Weeks,13,Open,,Lee-Chem,Clicks Power Skin Q10 Face Wash 100ml,Tube and Cap,,,C50TBLEE004F,Wayne,,DUBUIT,COEX,,,,,,,,,,,,Blue,50.0,115.0,Silver,48,PP,F/T B/O,Natural,10.0,,,,,,,,,,,,,,New,217332/0,5.0,,,Order (a/w),,,,,,,,,,,,,,,,,,,
21176,2026-04-21,,< 6 Weeks,13,Open,,Lee-Chem,Sorbet Man Even Tone Face Wash 100ml,Tube and Cap,,,C50TBLEE000F,Wayne,,DUBUIT,COEX,,,,,,,,,,,,Black,50.0,120.0,Black,48,PP,F/T B/O,Natural,10.0,,,,,,,,,,,,,,New,217325/0,5.0,,,Order (a/w),,,,,,,,,,,,,,,,,,,
21177,2026-04-17,,< 6 Weeks,17,Open,,Skin Renewal,Generic 150ml,Tube and Cap,,,C40TBSKR000F,Rob,,DUBUIT,COEX,,,,,,,,,,,,Black,40.0,180.0,Black,40,PP,A,Natural,2.0,Fugi Sleeve  Cap 2mm Gold Band,,,,,,,,,,,,,New,217327/1,5.0,,,Order (a/w),,,,,,,,,,,,,,,,,,,
21178,2026-04-17,,< 6 Weeks,17,Open,,Skin Renewal,Generic 50ml ,Tube and Cap,,,C30TBSKR000F,Rob,,DUBUIT,COEX,,,,,,,,,,,,Black,30.0,110.0,Black ,30,PP,A,Black,2.0,Foil Seal Cap 2mmGold Foil Band,,,,,,,,,,,,,New,217323/0,10.0,,,Order (a/w),,,,,,,,,,,,,,,,,,,
21179,2026-04-17,,< 6 Weeks,17,Open,,Chemeffects (Pty)LTD,D/Wash PET Hygienix 750ml PET White ( Same as J0750CHE134F),PET,,,,Wayne,,,PET,,,,,,,,,,,,White,,,,,,,,,,,,,,,,,,,,,,New,,,,,No order,,,,,,,,,,,,,,,,,,,
21180,2026-04-17,,< 6 Weeks,17,Open,,Impo Distributors,Tube 40x165/10 LDPE White,Tube and Cap,,,C40TBSTD089F,Wayne,,EXTRUSION,LDPE,,,,,,,,,,,,White,40.0,165.0,White,38,PP,F/T B/O,Natural,10.0,Fugi Sleeve,,,,,,,,,,,,,New,217179/0,10.0,,,Order (a/w),,,,,,,,,,,,,,,,,,,
21181,2026-04-16,,< 6 Weeks,18,Open,,Creighton Prod.,Simply Florals Vanilla Hand & Nail cream 30ml,Tube and Cap,,,C25TBCRE009F,Wayne,,HK,LDPE,,,,,,,,,,,,Beige,25.0,95.0,Beige,24,PP,A,Beige,4.0,Foil Seal,,,,,,,,,,,,,New,217208/0,5.0,,,Order (a/w),,,,,,,,,,,,,,,,,,,
21182,2026-04-16,,< 6 Weeks,18,Open,,Pinnacle Pharmaceuticals,Arnica Cream 50ml,Digital Laminate,,,C35LTPIN000F,Rob,,DIGITAL ,PBL,,,,,,,,,,,,White,35.0,110.0,White,35,PP,A,White,4.0,Foil Seal,,,,,,,,,,,,,New,217294/0,2.5,,,Order (a/w),,,,,,,,,,,,,,,,,,,
21183,2026-04-16,,< 6 Weeks,18,Open,,Pinnacle Pharmaceuticals,Arnica Gel 50ml,Digital Laminate,,,C35LTPIN001F,Rob,,DIGITAL ,PBL,,,,,,,,,,,,White,35.0,110.0,White,35,PP,A,White,4.0,Foil Seal,,,,,,,,,,,,,New,217295/0,2.5,,,Order (a/w),,,,,,,,,,,,,,,,,,,
21184,2026-04-15,,< 6 Weeks,19,Open,,Allied Drug Company,Kroko Heel Balm 100ml,Digital Laminate,,,C40LTALI002F,Wayne,,DIGITAL ,PBL,,,,,,,,,,,,White,40.0,120.0,White,38,PP,F/T B/O,White,10.0,Fugi Sleeve,,,,,,,,,,,,,New,217180/0,5.0,,,Order (a/w),,,,,,,,,,,,,,,,,,,
21185,2026-04-15,,< 6 Weeks,19,Open,,Lee-Chem,In Shower Hair Removal Cream 150ml,Tube and Cap,,,,Wayne,,HK,COEX,,,,,,,,,,,,White,50.0,135.0,Tnt Green,48,PP,F/T B/O,Natural,10.0,,,,,,,,,,,,,,New,,,,,No order (a/w),,,,,,,,,,,,,,,,,,,
21186,2026-04-15,,< 6 Weeks,19,Open,,Lee-Chem,Clicks Toned Skin Face Wash Even Tone 100ml,Tube and Cap,,,,Wayne,,DUBUIT,COEX,,,,,,,,,,,,Grey,50.0,115.0,Silver  ,48,PP,F/T B/O,Natural,10.0,,,,,,,,,,,,,,New,,,,,No order (a/w),,,,,,,,,,,,,,,,,,,
21187,2026-04-15,,< 6 Weeks,19,Open,,Unuka,Ultra Green Toothpaste 75ml,Digital Laminate,,,,Rob,,DIGITAL ,ABL White,,,,,,,,,,,,White,35.0,120.0,White,35,PP,A,White,4.0,Foil Seal,,,,,,,,,,,,,Exist,,,,,No order (a/w),,,,,,,,,,,,,,,,,,,
21188,2026-04-15,,< 6 Weeks,19,Open,,Lycoderm,Dermadee Sunscreen 100ml,Digital Laminate,,,C40LTLYC010F,Rob,,DIGITAL ,PBL,,,,,,,,,,,,White,40.0,120.0,White,38,PP,F/T B/O,White,10.0,Fugi Sleeve,,,,,,,,,,,,,New,217224/0,2.5,,,Order (a/w),,,,,,,,,,,,,,,,,,,
21189,2026-04-15,,< 6 Weeks,19,Open,,Mosaic,Intrigue Body Lotion 200ml,Tube and Cap,,,C50TBMOS016F,Rob,,HK,COEX,,,,,,,,,,,,Maroon 7645c,50.0,160.0,Gold,48,PP,F/T B/O,Natural,10.0,Fugi Sleeve,,,,,,,,,,,,,New,217461/0,5.0,,,Order (a/w),,,,,,,,,,,,,,,,,,,
21190,2026-04-15,,< 6 Weeks,19,Open,,Oh Lief,Natural Sunscreen 100ml,Tube and Cap,,,C40TBOHL001F,Rob,,HK,COEX,,,,,,,,,,,,White,40.0,120.0,Natural,38,PP,F/T B/O,Natural,10.0,Fugi Sleeve,,,,,,,,,,,,,New,217258/0,5.0,,,Order (a/w),,,,,,,,,,,,,,,,,,,
21191,2026-04-15,,< 6 Weeks,19,Open,,Impo Distributors,Tube 35x115/10 LDPE White,Tube and Cap,,,C35TBSTD066F,Wayne,,EXTRUSION,LDPE,,,,,,,,,,,,White,35.0,115.0,White,33,PP,F/T B/O,Natural,10.0,Fugi Sleeve,,,,,,,,,,,,,New,217448/0,10.0,,,Order (a/w),,,,,,,,,,,,,,,,,,,
21192,2026-04-20,,< 6 Weeks,14,Open,,Aerosol & Cosm.,WW Warm Almond 2 in 1 Body Wash 100ml,Digital Laminate,,,C35LTAER061F,Rob,,DIGITAL ,PBL,,,,,,,,,,,,White,35.0,150.0,Black,33,PP,F/T B/O,White,10.0,,,,,,,,,,,,,,New,217254/0,2.6,,,Order (a/w),,,,,,,,,,,,,,,,,,,
21193,2026-04-20,,< 6 Weeks,14,Open,,Aerosol & Cosm.,WW Rose Hand & Nail 60ml Cancelled 24/4,Digital Laminate,,,C35LTAER062F,Rob,,DIGITAL ,ABL White,,,,,,,,,,,,White,35.0,110.0,,,,,White,4.0,Foil Seal,,,,,,,,,,,,,New,217225/2,2.6,,,Order (a/w),,,,,,,,,,,,,,,,,,,
21194,2026-04-20,,< 6 Weeks,14,Open,,Aerosol & Cosm.,WW Peach Hand & Nail 60ml,Digital Laminate,,,C35LTAER063F,Rob,,DIGITAL ,ABL White,,,,,,,,,,,,White,35.0,110.0,,,,,White,4.0,Foil Seal,,,,,,,,,,,,,New,217223/0,2.6,,,Order (a/w),,,,,,,,,,,,,,,,,,,
21195,2026-04-20,,< 6 Weeks,14,Open,,Rolfe Lab.,Badedas Luxury Shower Gel 250ml,Tube and Cap,,,C50TBROL010F,Wayne,,HK,COEX,,,,,,,,,,,,Natural,50.0,180.0,Natural,48,PP,F/T B/O,Natural,10.0,2mm Foil Band with Fugi Sleeve,,,,,,,,,,,,,New,217219/2,10.0,,,Order (a/w),,,,,,,,,,,,,,,,,,,
21196,2026-04-20,,< 6 Weeks,14,Open,,Prime Products,Techni Block Anti Ageing Face Cream SPF50 75ml,Tube and Cap,,,C35TBCCU002F,Karen,,HK,COEX,,,,,,,,,,,,White,35.0,120.0,Orange BMORG063,33,PP,F/T B/O,White,10.0,Fugi Sleeve,,,,,,,,,,,,,New,214694/2,20.0,,,Order (a/w),,,,,,,,,,,,,,,,,,,
21197,2026-04-20,,< 6 Weeks,14,Open,,Botle Buhle,Standard Umbrella cap - Red  Cancelled 24/4,Cap,,,,Karen,,INJECTION,,,,,,,,,,,,,,,,Red 2035c,,PP,,,,,,,,,,,,,,,,,New,,,,,No order,,,,,,,,,,,,,,,,,,,
21198,2026-04-20,,< 6 Weeks,14,Open,,Zeta Laboratories,Clicks Sun Protect Aftersun cooling Gel 200ml,Tube and Cap,,,C50TBZET012F,Wayne,,DUBUIT,COEX,,,,,,,,,,,,Natural,50.0,150.0,Prl Yellow ,48,PP,F/T B/O,Natural,10.0,,,,,,,,,,,,,,New,217227/1,20.0,,,Order (a/w),,,,,,,,,,,,,,,,,,,
21199,2026-04-21,,< 6 Weeks,13,Open,,Lee-Chem,Sorbet Man Face Wash Charcoal 150ml,Tube and Cap,,,C50TBLEE002F,Wayne,,DUBUIT,COEX,,,,,,,,,,,,Grey,50.0,140.0,Black,48,PP,F/T B/O,Natural,10.0,,,,,,,,,,,,,,New,217330/1,5.0,,,Order (a/w),,,,,,,,,,,,,,,,,,,
21200,2026-04-21,,< 6 Weeks,13,Open,,Lee-Chem,Sorbet Man Oil Control Face Wash 150ml,Tube and Cap,,,C50TBLEE001F,Wayne,,DUBUIT,COEX,,,,,,,,,,,,Black,50.0,140.0,Black,48,PP,F/T B/O,Natural,10.0,,,,,,,,,,,,,,New,217324/0,5.0,,,Order (a/w),,,,,,,,,,,,,,,,,,,
21201,2026-04-21,,< 6 Weeks,13,Open,,Tiger (Filler Prime),Ingrams Petrolium Jell Jar 50ml - Labelled,Jar,,,CJARSTIG019F,Natalie,,LABEL,PP,,,,,,,,,,,,NAtural,,,,,,,,,,,,,,,,,,,,,,Exist,217339/1,22.4,,,Order (a/w),,,,,,,,,,,,,,,,,,,
21202,2026-04-22,,< 6 Weeks,12,Open,,Reitzer Pharm.,500 Epimax Bottle Milcreek,Bottle,,,,Peter,,,HDPE,,,,,,,,,,,,Blue 2195c,,,,,,,,,,,,,,,,,,,,,,New,,,,,No order,,,,,,,,,,,,,,,,,,,
21203,2026-04-22,,< 6 Weeks,12,Open,,Reitzer Pharm.,500Epimax Bottle Milcreek,Bottle,,,,Peter,,,HDPE,,,,,,,,,,,,Silver 877c,,,,,,,,,,,,,,,,,,,,,,New,,,,,No order,,,,,,,,,,,,,,,,,,,
21204,2026-04-22,,< 6 Weeks,12,Open,,Mentholatum,Oxy Daily Moisturiser SPF15 100ml ITW 20910,Tube and Cap,,,,Rob,,HK,COEX,,,,,,,,,,,,White,40.0,120.0,Black,38,PP,F/T B/O,Natural,10.0,Fugi Sleeve,,,,,,,,,,,,,New,,,,,No order (a/w),,,,,,,,,,,,,,,,,,,
21205,2026-04-23,,< 6 Weeks,11,Open,,Botle Buhle,Standard Umbrella cap - Red ITW 21197,Cap,,,,Karen,,INJECTION,,,,,,,,,,,,,,,,Orange 1575c,,PP,,,,,,,,,,,,,,,,,New,,,,,No order,,,,,,,,,,,,,,,,,,,
21206,2026-04-23,,< 6 Weeks,11,Open,,Prime Products,Techni Block SPF50 Active Sun Protection Lotion 125ml,Tube and Cap,,,C40TBCCU004F,Karen,,HK,COEX,,,,,,,,,,,,White,40.0,145.0,Blue 2935c,38,PP,F/T B/O,Natural,10.0,Fugi Sleeve,,,,,,,,,,,,,Exist,214695/2,26.0,,,Order (a/w),,,,,,,,,,,,,,,,,,,
21207,2026-04-24,,< 6 Weeks,10,Open,,Aerosol & Cosm.,WW Protea Hand & Nail Cream 60ml,Digital Laminate,,,C35LTAER064F,Rob,,DIGITAL ,ABL White,,,,,,,,,,,,White,35.0,110.0,,,,,White,4.0,Foil Seal,,,,,,,,,,,,,New,217442/0,2.6,,,Order (a/w),,,,,,,,,,,,,,,,,,,
21208,2026-04-24,,< 6 Weeks,10,Open,,Aerosol & Cosm.,WW Strelizia Hand & Nail Cream 60ml,Digital Laminate,,,C35LTAER065F,Rob,,DIGITAL ,ABL White,,,,,,,,,,,,White,35.0,110.0,,,,,White,4.0,Foil Seal,,,,,,,,,,,,,New,217443/0,2.6,,,Order (a/w),,,,,,,,,,,,,,,,,,,
21209,2026-04-24,,< 6 Weeks,10,Open,,Aerosol & Cosm.,WW African Lily Hand & Nail Cream 60ml,Digital Laminate,,,C35LTAER066F,Rob,,DIGITAL ,ABL White,,,,,,,,,,,,White,35.0,110.0,,,,,White,4.0,Foil Seal,,,,,,,,,,,,,New,217444/0,2.6,,,Order (a/w),,,,,,,,,,,,,,,,,,,
21210,2026-04-28,,< 6 Weeks,6,Open,,Kool a Chem,Tube 35x150/10 PBL White,Digital Laminate,,,,Rob,,DIGITAL ,PBL,,,,,,,,,,,,White,35.0,150.0,White,33,PP,F/T B/O,White,10.0,Fugoi Sleeve,,,,,,,,,,,,,New,,,,,No order (a/w),,,,,,,,,,,,,,,,,,,
21211,2026-04-28,,< 6 Weeks,6,Open,,Chemeffects,2lt Foam Bath R/B & H/B 100% PET 77g,PET,,,,Peter,,,PET,,,,,,,,,,,,Natural,,,,,,,,,,,,,,,,,,,,,,New,,,,,No order,,,,,,,,,,,,,,,,,,,
21212,2026-04-29,,< 6 Weeks,5,Open,,Saradox,GS ECR Hand & Nail Cream 75ml,Digital Laminate,,,C35LTSAA116F,Wayne,,DIGITAL ,PBL,,,,,,,,,,,,White,35.0,125.0,Black,33,PP,F/T B/O,White,10.0,,,,,,,,,,,,,,New,217467/0,10.0,,,Order (a/w),,,,,,,,,,,,,,,,,,,
21213,2026-04-29,,< 6 Weeks,5,Open,,Eurochem,Thick Bleach Bottle 750ml Green  (Braille),Bottle,,,,Natalie,,BLOWMOULD,HDPE,,,,,,,,,,,,Green 7486c,,,,,,,,,,,,,,,,,,,,,,New,,,,,No order,,,,,,,,,,,,,,,,,,,
21214,2026-04-29,,< 6 Weeks,5,Open,,Prime Products,Techni Block Active Lotion SPF50 30ml,Digital Laminate,,,C25LTPRI009F,Karen,,DIGITAL ,PBL,,,,,,,,,,,,White,25.0,100.0,Blue,24,PP,A,White,4.0,Foil Seal,,,,,,,,,,,,,New,217475/1,13.0,,,Order (a/w),,,,,,,,,,,,,,,,,,,
21215,2026-04-29,,< 6 Weeks,5,Open,,Canway,OSH HC Royal  Radiance - Labelled,Tube and Cap,,,C35TBCAN017F,Wayne,,LABEL,LDPE,,,,,,,,,,,,Purple (PC-J-1794/T),35.0,115.0,Gold (20013/F),33,PP,F/T B/O,Natural,10.0,,,,,,,,,,,,,,New,217507/0,10.0,,,Order (a/w),,,,,,,,,,,,,,,,,,,
21216,2026-04-29,,< 6 Weeks,5,Open,,Canway,CPL HC Aloe 75ml- Labelled,Tube and Cap,,,C35TBCAN018F,Wayne,,LABEL,LDPE,,,,,,,,,,,,Prl White CVG White,35.0,120.0,Green (C-D-11593),33,PP,F/T B/O,Natural,10.0,,,,,,,,,,,,,,New,217508/0,20.0,,,Order (a/w),,,,,,,,,,,,,,,,,,,
21217,2026-04-29,,< 6 Weeks,5,Open,,Canway,OSH HC Love Blooms 75ml - Labelled,Tube and Cap,,,C35TBCAN019F,Wayne,,LABEL,LDPE,,,,,,,,,,,,Pink PC-K-1711,35.0,120.0,Pink PC-K-1711,33,PP,F/T B/O,Natural,10.0,,,,,,,,,,,,,,New,217509/0,8.0,,,Order (a/w),,,,,,,,,,,,,,,,,,,
21218,2026-04-29,,< 6 Weeks,5,Open,,Canway,OSH HC CO POM 140ml - Labelled,Tube and Cap,,,C40TBCAN005F,Wayne,,LABEL,LDPE,,,,,,,,,,,,Pink PC-K-1188,40.0,170.0,Pink PC-K-1284,38,PP,F/T B/O,Natural,10.0,,,,,,,,,,,,,,New,217510/0,8.0,,,Order (a/w),,,,,,,,,,,,,,,,,,,
21219,2026-04-29,,< 6 Weeks,5,Open,,Canway,CPLFW Charcoal & Lemongrass 150ml,Tube and Cap,,,C50TBCAN013F,Wayne,,LABEL,LDPE,,,,,,,,,,,,Black,50.0,120.0,Black,48,PP,F/T B/O,Natural,10.0,,,,,,,,,,,,,,New,217521/2,12.0,,,Order (a/w),,,,,,,,,,,,,,,,,,,
21220,2026-04-29,,< 6 Weeks,5,Open,,Canway,CPL FW Rooiboss 225ml (312942),Tube and Cap,,,C50TBCAN014F,Wayne,,LABEL,LDPE,,,,,,,,,,,,Peach (C-K-12371/C&T),50.0,170.0,Orange C-G-11337/C,48,PP,F/T B/O,Natural,10.0,,,,,,,,,,,,,,New,217522/0,12.0,,,Order (a/w),,,,,,,,,,,,,,,,,,,
21221,2026-04-29,,< 6 Weeks,5,Open,,Revlon SA,Revlon Big Ball R/O Cap ,Mould,,,,Lesley,,MOULD,,,,,,,,,,,,,,,,,,,,,,,,,,,,,,,,,,,New,,,,,No order,,,,,,,,,,,,,,,,,,,
21222,2026-04-29,,< 6 Weeks,5,Open,,Botle Buhle,Standard Umbrella Cap 7557c - excisting colour,Cap,,,,Karen,,INJECTION,,,,,,,,,,,,,,,,Gold 7557c,,PP,,,,,,,,,,,,,,,,,New,,,,,No order,,,,,,,,,,,,,,,,,,,
21223,2026-04-29,,< 6 Weeks,5,Open,,Rolfe Lab.,Happy Feet Moisturising Foot Lotion 75ml,Digital Laminate,,,C40LTROL000F,Wayne,,DIGITAL ,PBL,,,,,,,,,,,,White,40.0,120.0,White,38,PP,F/T B/O,White,10.0,,,,,,,,,,,,,,New,217519/0,10.0,,,Order (a/w),,,,,,,,,,,,,,,,,,,
21224,2026-05-04,,< 6 Weeks,0,Open,,Microbel Laboratories,Marina Spa Activated Charcoal Toothpste 75ml,Digital Laminate,,,C35LTMIC001F,Senate,,,PBL,,,,,,,,,,,,White,35.0,120.0,White,33,PP,F/T B/O,White,10.0,Fugi Sleeve,,,,,,,,,,,,,New,217520/0,10.0,,,Order (a/w),,,,,,,,,,,,,,,,,,,
21225,2026-05-04,,< 6 Weeks,0,Open,,Mosaic,Carribean Tan Sample - Body Bronzer 25ml,Digital Laminate,,,,Rob,,DIGITAL ,PBL,,,,,,,,,,,,White,25.0,100.0,White,24,PP,A,White,4.0,Foil Seal,,,,,,,,,,,,,New,,,,,No order (a/w),,,,,,,,,,,,,,,,,,,
21226,2026-05-04,,< 6 Weeks,0,Open,,Mosaic,Carribean Tan Sample - Body Butter 25ml,Digital Laminate,,,,Rob,,DIGITAL ,PBL,,,,,,,,,,,,White,25.0,100.0,White,24,PP,A,White,4.0,Foil Seal,,,,,,,,,,,,,New,,,,,No order (a/w),,,,,,,,,,,,,,,,,,,
21227,2026-05-04,,< 6 Weeks,0,Open,,Mosaic,Carribean Tan Sample - Shimmer Cream  25ml,Digital Laminate,,,,Rob,,DIGITAL ,PBL,,,,,,,,,,,,White,25.0,100.0,White,24,PP,A,White,4.0,Foil Seal,,,,,,,,,,,,,New,,,,,No order (a/w),,,,,,,,,,,,,,,,,,,
21228,2026-05-04,,< 6 Weeks,0,Open,,Unilever,Sharp Cylinder 75ml PET,PET,,,,Wayne,,,PET,,,,,,,,,,,,Natural,,,,,,,,,,,,,,,,,,,,,,Exist,,,,,No order,,,,,,,,,,,,,,,,,,,
21229,2026-05-04,,< 6 Weeks,0,Open,,Bowler CT,35A Domed Screw Cap Mould,Mould,,,,Lesley,,MOULD,,,,,,,,,,,,,,,,,,,,,,,,,,,,,,,,,,,New,,,,,No order,,,,,,,,,,,,,,,,,,,
21230,2026-05-04,,< 6 Weeks,0,Open,,Bowler CT,25A Domed Screw Cap Mould,Mould,,,,Lesley,,MOULD,,,,,,,,,,,,,,,,,,,,,,,,,,,,,,,,,,,New,,,,,No order,,,,,,,,,,,,,,,,,,,
21231,2026-05-04,,< 6 Weeks,0,Open,,Prime Products,PH Justine Tissue Oil 100ml 10% RPET - Printed,PET,,,,Karen,,,10% RPET,,,,,,,,,,,,Natural,,,,,,,,,,,,,,,,,,,,,,Exist,,,,,No order (a/w),,,,,,,,,,,,,,,,,,,
21232,2026-05-04,,< 6 Weeks,0,Open,,Prime Products,PH Justine Tissue Oil 200ml 10% RPET - Printed,PET,,,,Karen,,,10% RPET,,,,,,,,,,,,Natural,,,,,,,,,,,,,,,,,,,,,,Exist,,,,,No order (a/w),,,,,,,,,,,,,,,,,,,
21233,2026-05-04,,< 6 Weeks,0,Open,,Concord Food And Drug Distributors,Colour Match Prl 687c and Prl 673c,Tube and Cap,,,,Karen,,,,,,,,,,,,,,,,,,,,,,,,,,,,,,,,,,,,,New,,,,,No order,,,,,,,,,,,,,,,,,,,
21234,2026-05-04,,< 6 Weeks,0,Open,,Concord Food And Drug Distributors,Colour Match Prl 281c and Prl 288c ,Tube and Cap,,,,Karen,,,,,,,,,,,,,,,,,,,,,,,,,,,,,,,,,,,,,New,,,,,No order,,,,,,,,,,,,,,,,,,,
